Category,Item Name,Price / Variants,Food Type,Has Image?,Item ID
Bakery & Biscuits,Britannia Gobbles Fruity Fun Slice Cake (25g),₹25,standard,Yes,1787517358017
Bakery & Biscuits,Britannia Little Hearts Classic Crunch (79g),₹30,standard,Yes,1787517448768
Bakery & Biscuits,Britannia Marie Gold Marie Biscuits (208g),₹38,standard,Yes,1787517005826
Bakery & Biscuits,Britannia NutriChoice Digestive (125g),₹25,standard,Yes,1787517226122
Bakery & Biscuits,Hide & Seek Choco Chip (100gm),₹29,veg,Yes,1787516600900
Bakery & Biscuits,Parle Krackjack Crackers Sweet & Salty (176.4 g),₹35,standard,Yes,1787517523857
Bakery & Biscuits,Parle-G Glucose Biscuit (250 g),₹30,standard,Yes,1787516882851
Bakery & Biscuits,Sunfeast Dark Fantasy (69 g ),₹39,standard,Yes,1787516523621
Bakery & Quick Bites,Bread Omelette,₹60,non-veg,No,1787655133534
Bakery & Quick Bites,Burger,₹100,standard,No,1787655133535
Bakery & Quick Bites,Chicken Puff,₹40,non-veg,No,1787655133532
Bakery & Quick Bites,Chicken Roll,₹100,non-veg,No,1787655133536
Bakery & Quick Bites,Dilkush,₹25,veg,No,1787655133540
Bakery & Quick Bites,Dilpasand,₹25,veg,No,1787655133539
Bakery & Quick Bites,Egg Puff,₹35,non-veg,No,1787655133531
Bakery & Quick Bites,Pastry,₹45,veg,No,1787655133537
Bakery & Quick Bites,Plum Cake,₹60,veg,No,1787655133538
Bakery & Quick Bites,Samosa,₹25,veg,No,1787655133533
Bakery & Quick Bites,Veg Puff,₹25,veg,No,1787655133530
Biryani,Chicken Biryani,Half: ₹140 | Full: ₹220,standard,No,1787655133528
Biryani,Mutton Biryani,Half: ₹200 | Full: ₹320,standard,No,1787655133529
Burrito Bowl,Hariyali Bowl,Paneer: ₹159 | Chicken: ₹179,standard,No,1787655133435
Burrito Bowl,Mexican Bowl,Paneer: ₹179 | Chicken: ₹199,standard,No,1787655133437
Burrito Bowl,Spicy Bowl,Paneer: ₹169 | Chicken: ₹189,standard,No,1787655133436
Chinese Fried Rice,Chicken Fried Rice (Chinese),Mini: ₹90 | Half: ₹130 | Full: ₹180,standard,No,1787655133524
Chinese Fried Rice,Hakka Chicken Fried Rice,Mini: ₹100 | Half: ₹160 | Full: ₹210,standard,No,1787655133525
Chinese Fried Rice,Hakka Veg Fried Rice,Mini: ₹80 | Half: ₹140 | Full: ₹190,standard,No,1787655133523
Chinese Fried Rice,Veg Fried Rice (Chinese),Mini: ₹70 | Half: ₹110 | Full: ₹160,standard,No,1787655133522
Chinese Noodles,Chicken Soft Noodles,Mini: ₹90 | Half: ₹130 | Full: ₹180,standard,No,1787655133520
Chinese Noodles,Hakka Chicken Noodles,Mini: ₹100 | Half: ₹160 | Full: ₹210,standard,No,1787655133521
Chinese Noodles,Hakka Veg Noodles,Mini: ₹80 | Half: ₹140 | Full: ₹190,standard,No,1787655133519
Chinese Noodles,Veg Soft Noodles,Mini: ₹70 | Half: ₹110 | Full: ₹160,standard,No,1787655133518
Chinese Starters,Chicken 65,Mini: ₹80 | Half: ₹150 | Full: ₹210,standard,No,1787655133514
Chinese Starters,Chicken Manchuria,Mini: ₹80 | Half: ₹150 | Full: ₹210,standard,No,1787655133516
Chinese Starters,Chicken Wings (Chinese),Half: ₹160 | Full: ₹220,standard,No,1787655133517
Chinese Starters,Chilli Chicken,Mini: ₹80 | Half: ₹150 | Full: ₹210,standard,No,1787655133515
Chinese Starters,Chilli Paneer,Mini: ₹70 | Half: ₹150 | Full: ₹210,standard,No,1787655133513
Chinese Starters,Paneer 65,Mini: ₹70 | Half: ₹150 | Full: ₹210,standard,No,1787655133511
Chinese Starters,Paneer Manchuria,Mini: ₹70 | Half: ₹150 | Full: ₹210,standard,No,1787655133512
Chinese Starters,Veg Manchuria,Mini: ₹60 | Half: ₹140 | Full: ₹200,standard,No,1787655133510
Chips & Namkeen,Kurkure,₹10,standard,Yes,1787001928403
Chips & Namkeen,Kurkure  - Chilli Chatka,₹20,standard,Yes,1787510270500
Chips & Namkeen,Kurkure Green Chutney ,₹20,standard,Yes,1787510851507
Chips & Namkeen,Kurkure Sizzlin' Hot,₹20,standard,Yes,1786742568287
Chips & Namkeen,Lay's Sizzling Hot Potato Chips,₹20,standard,Yes,1787510697714
Chips & Namkeen,Lays Classic Salted,₹20,standard,Yes,1787510602539
Chips & Namkeen,Maggi Noodles,₹15,standard,Yes,1786703742637
Chips & Namkeen,Pudina Treat Potato Chips,₹20,standard,Yes,1787510994609
Chips & Namkeen,Takatak Chatpata Masala,₹10,standard,Yes,1787510359796
Chips & Namkeen,Tedhe Medhe Kurkure,₹10,standard,Yes,1787510144645
Chocolates,Cadbury Dairy Milk (25 g),₹26,standard,Yes,1787517783831
Chocolates,Nestle KitKat (38.5 g),₹30,standard,Yes,1787517711423
Dairy Products,Amul Gold Full Cream Milk (1ltr),₹72,standard,Yes,1787515026348
Dairy Products,Amul Masti Cup Curd (200gm),₹25,standard,Yes,1787515296130
Dairy Products,Amul Masti Pouch Curd (380 g),₹35,standard,Yes,1787515166099
Dairy Products,Amul Moti Toned Milk (450ml),₹33,standard,Yes,1787515632777
Dairy Products,Amul Salted Butter (100gm),₹63,standard,Yes,1787515350466
Dairy Products,Amul Taaza Toned Milk (500 ml),₹30,veg,Yes,1787515105236
Dairy Products,Mother Dairy Full Cream Milk (500ml),₹36,standard,Yes,1787515233547
Drinks & Juices,7UP Nimbooz (350 ml),₹25,standard,Yes,1787512244104
Drinks & Juices,Amul Kool Badam Milkshake (200ml),₹40,standard,Yes,1787514353999
Drinks & Juices,Amul Masti Spiced Salted Buttermilk (200 ml ),₹15,standard,Yes,1787514204416
Drinks & Juices,Amul Sweet Lassi (200ml),₹20,standard,Yes,1787514279391
Drinks & Juices,Bisleri Packaged Water (1 ltr),₹20,standard,Yes,1787514482094
Drinks & Juices,Bisleri Soda Water (750ml),₹20,standard,Yes,1787514588366
Drinks & Juices,Bisleri Vedica Sparkling Water (300 ml),₹127,standard,Yes,1787514695493
Drinks & Juices,Coca-Cola,₹40,standard,Yes,1787511504510
Drinks & Juices,Coca-Cola ,₹45,standard,Yes,1787511556607
Drinks & Juices,Fanta Orange Soft Drink (750ml),₹40,standard,Yes,1787512122402
Drinks & Juices,Frooti Mango Drink (150ml),₹10,standard,Yes,1787513099509
Drinks & Juices,Frooti Mango Drink(600ml),₹35,standard,Yes,1787513008885
Drinks & Juices,Hell Energy Classic Energy Drink (250 ml),₹60,standard,Yes,1787513402523
Drinks & Juices,Limca Lemon 750 ml,₹40,standard,Yes,1787511692582
Drinks & Juices,Maaza Mango Drink 600 ml,₹40,standard,Yes,1787512656655
Drinks & Juices,Monster Energy Drink,₹125,standard,Yes,1787513938977
Drinks & Juices,Monster Energy Drink (350 ml ),₹125,standard,Yes,1787514007874
Drinks & Juices,Mountain Dew (750 ml),₹40,standard,Yes,1787511879546
Drinks & Juices,Pepsi Soft Drink(750ml),₹40,standard,Yes,1787512548423
Drinks & Juices,Predator Energy Drink (300ml),₹60,standard,Yes,1787514091936
Drinks & Juices,Real  Mixed Fruit Juice (1ltr),₹76,standard,Yes,1787512781102
Drinks & Juices,Red Bull Energy Drink (250 ml),₹125,standard,Yes,1787513299373
Drinks & Juices,Slice Mango Drink,₹40,standard,Yes,1787512926486
Drinks & Juices,Sprite Lime (750 ml),₹40,standard,Yes,1787511777437
Drinks & Juices,Sprite Sprite Lime can,₹45,standard,Yes,1787511987298
Drinks & Juices,Sting Energy Drink (250 ml),₹20,standard,Yes,1787513245940
Drinks & Juices,Thums Up,₹45,standard,Yes,1786703742641
Drinks & Juices,Thums Up Soft Drink(750ml),₹40,standard,Yes,1787511416695
Fries,Cheesy Fries,₹129,standard,No,1787655133423
Fries,Crispy Chicken Fries Bowl,₹199,standard,No,1787655133427
Fries,Loaded Chicken Fries Bowl,₹179,standard,No,1787655133426
Fries,Loaded Paneer Fries Bowl,₹179,standard,No,1787655133425
Fries,Peri Peri Fries,₹179,standard,No,1787655133424
Fries,Plain Fries,₹89,standard,No,1787655133422
Fusion Shawarmas,BBQ + Peri Peri,Paneer: ₹169 | Chicken: ₹169,standard,No,1787655133411
Fusion Shawarmas,BBQ + Tandoori,Paneer: ₹169 | Chicken: ₹169,standard,No,1787655133410
Fusion Shawarmas,Fiery + BBQ,Paneer: ₹179 | Chicken: ₹179,standard,No,1787655133412
Fusion Shawarmas,Frenzy + Peri Peri,Paneer: ₹179 | Chicken: ₹179,standard,No,1787655133413
Juices & Shakes,ABC Juice,₹80,veg,No,1787655133558
Juices & Shakes,Banana Milkshake,₹90,veg,No,1787655133548
Juices & Shakes,Beetroot Juice,₹60,veg,No,1787655133557
Juices & Shakes,Carrot Juice,₹60,veg,No,1787655133556
Juices & Shakes,Chocolate Milkshake,₹120,veg,No,1787655133550
Juices & Shakes,Chocolate Thick Shake,₹150,veg,No,1787655133555
Juices & Shakes,KitKat Milkshake,₹130,veg,No,1787655133552
Juices & Shakes,KitKat Thick Shake,₹150,veg,No,1787655133554
Juices & Shakes,Mango Juice,₹70,veg,No,1787655133545
Juices & Shakes,Mix Fruit Juice,₹70,veg,No,1787655133546
Juices & Shakes,Mosambi Juice,₹60,veg,No,1787655133541
Juices & Shakes,Orange Juice,₹60,veg,No,1787655133542
Juices & Shakes,Oreo Milkshake,₹110,veg,No,1787655133549
Juices & Shakes,Oreo Thick Shake,₹150,veg,No,1787655133553
Juices & Shakes,Pineapple Juice,₹60,veg,No,1787655133544
Juices & Shakes,Pomegranate Juice,₹90,veg,No,1787655133547
Juices & Shakes,Strawberry Milkshake,₹120,veg,No,1787655133551
Juices & Shakes,Watermelon Juice,₹50,veg,No,1787655133543
Let's Platters,Middle East Magic,₹239,standard,No,1787655133438
Let's Platters,Paneer-E-Magic,₹259,standard,No,1787655133439
Let's Platters,Power Eggs,₹279,standard,No,1787655133440
Let's Platters,Royal Chicken Feast,₹299,standard,No,1787655133441
Mojito & Beverages,Blue Lagoon Mojito,₹99,standard,No,1787655133453
Mojito & Beverages,Classic Lemon Mojito,₹99,standard,No,1787655133454
Mojito & Beverages,Cold Coffee,₹99,standard,No,1787655133455
Mojito & Beverages,Oreo Shake,₹109,standard,No,1787655133456
Mojito & Beverages,Refreshing Mint Mojito,₹99,standard,No,1787655133452
Mojito & Beverages,Tender Coconut,₹220,standard,No,1787655133457
Non-Veg Specials,"4 Peas Combo (8 Pcs Chicken Kari, 12 Chapati, 2 Dal Tadka, 2 Jeera Rice, 2 Egg Curry, 4 Pcs Sweet Salad Achaar)",₹480,non-veg,No,1787655133470
Non-Veg Specials,Chicken 65 (14 Pcs Chicken),₹150,non-veg,No,1787655133462
Non-Veg Specials,Chicken Chilli (12 Pcs Chicken Chilli),₹170,non-veg,No,1787655133469
Non-Veg Specials,Chicken Dum Biryani (Raiyata With Gravy),₹160,non-veg,No,1787655133467
Non-Veg Specials,Chicken Fried Rice,₹150,non-veg,No,1787655133460
Non-Veg Specials,Chicken Fried Rice Combo (4 Pcs Chicken Manchurian),₹190,non-veg,No,1787655133461
Non-Veg Specials,Chicken Malvani (6 Pcs),₹480,non-veg,No,1787655133471
Non-Veg Specials,Chicken Manchurian (12 Pcs Manchurian),₹160,non-veg,No,1787655133468
Non-Veg Specials,Chicken Masala (3 Pcs Chicken Masala),₹130,non-veg,No,1787655133463
Non-Veg Specials,Chicken Rice Combo,₹160,non-veg,No,1787655133475
Non-Veg Specials,"Chicken Roti Combo (3 Pcs Chapati, 2 Pcs Chicken Girvi, Salad, Achar)",₹15,non-veg,No,1787655133474
Non-Veg Specials,Chicken Tikka (6 Pcs),₹200,non-veg,No,1787655133472
Non-Veg Specials,"Chicken Triple Noodle (Sheswan Chatani, Kobi, Sos)",₹200,non-veg,No,1787655133477
Non-Veg Specials,"Chicken Triple Rice (Sheswan Chatani, Kobi, Sos)",₹170,non-veg,No,1787655133476
Non-Veg Specials,Egg Burji,₹70,non-veg,No,1787655133481
Non-Veg Specials,Egg Fried Rice,₹120,non-veg,No,1787655133466
Non-Veg Specials,Egg Masala (3 Pcs Egg Masala),₹130,non-veg,No,1787655133465
Non-Veg Specials,Egg Pafe (1 Pc),₹170,non-veg,No,1787655133480
Non-Veg Specials,"Egg Thali (2 Pcs Egg Kari, Dal Tadka, Jeera Rice, 2 Chapati, Sweet Salad Achaar)",₹150,non-veg,No,1787655133464
Non-Veg Specials,"Non Veg Chainise Noodle Thali (Sheswan Chatani, Kobi, Sos)",₹200,non-veg,No,1787655133478
Non-Veg Specials,"Non Veg Chainise Rice Thali (Sheswan Chatani, Kobi, Sos)",₹170,non-veg,No,1787655133479
Non-Veg Specials,"Non Veg Maharaja (2 Pcs Chicken Kari, 3 Pcs Chapati, Dal Tadka Jeera Rice, Mix Veg, Papad, Sweet Salad Achaar)",₹190,non-veg,No,1787655133459
Non-Veg Specials,"Non Veg Special Thali (2 Pcs Chicken Kari, 2 Chapati, Dal Tadka Jeera Rice, Sweet Salad Achar)",₹160,non-veg,No,1787655133458
Non-Veg Specials,Only Chapati (Per Pcs),₹200,non-veg,No,1787655133473
Rice Specials,Curd Rice,₹130,standard,No,1787655133527
Rice Specials,Sambar Rice,₹120,standard,No,1787655133526
Salads,BBQ Salad,Paneer: ₹159 | Chicken: ₹189,standard,No,1787655133431
Salads,Cheese Salad,Paneer: ₹169 | Chicken: ₹189,standard,No,1787655133430
Salads,Classic Salad,Paneer: ₹149 | Chicken: ₹149,standard,No,1787655133428
Salads,Fiery Salad,Paneer: ₹149 | Chicken: ₹149,standard,No,1787655133429
Salads,Frenzy Salad,Paneer: ₹169 | Chicken: ₹169,standard,No,1787655133434
Salads,Peri Peri Salad,Paneer: ₹169 | Chicken: ₹189,standard,No,1787655133433
Salads,Tandoori Salad,Paneer: ₹169 | Chicken: ₹189,standard,No,1787655133432
Shawarma,BBQ Shawarma,Paneer: ₹139 | Chicken: ₹149,standard,No,1787655133405
Shawarma,Cheese Shawarma,Paneer: ₹139 | Chicken: ₹149,standard,No,1787655133404
Shawarma,Classic Shawarma,Paneer: ₹99 | Chicken: ₹99,standard,No,1787655133401
Shawarma,Fiery Shawarma,Paneer: ₹109 | Chicken: ₹109,standard,No,1787655133403
Shawarma,Frenzy Shawarma,Paneer: ₹149 | Chicken: ₹179,standard,No,1787655133408
Shawarma,Open Shawarma,Paneer: ₹179 | Chicken: ₹179,standard,No,1787655133409
Shawarma,Peri Peri Shawarma,Paneer: ₹149 | Chicken: ₹159,standard,No,1787655133407
Shawarma,Schezwan Shawarma,Paneer: ₹109 | Chicken: ₹109,standard,No,1787655133402
Shawarma,Tandoori Shawarma,Paneer: ₹149 | Chicken: ₹149,standard,No,1787655133406
Sides & Dips,Cheesy Dip,₹50,standard,No,1787655133445
Sides & Dips,Chicken Nuggets,Half: ₹99 | Full: ₹129,standard,No,1787655133443
Sides & Dips,Chicken Popcorn,Half: ₹99 | Full: ₹129,standard,No,1787655133442
Sides & Dips,Chicken Wings,Half: ₹109 | Full: ₹149,standard,No,1787655133444
Sides & Dips,Extra Cheese,₹25,standard,No,1787655133451
Sides & Dips,Extra Chicken,₹30,standard,No,1787655133450
Sides & Dips,Extra Paneer,₹40,standard,No,1787655133449
Sides & Dips,Garlic Mayonnaise,₹50,standard,No,1787655133446
Sides & Dips,Mint Hummus,₹50,standard,No,1787655133448
Sides & Dips,Tandoori Mayonnaise,₹50,standard,No,1787655133447
Subs,BBQ Sub,Paneer: ₹169 | Chicken: ₹189,standard,No,1787655133417
Subs,Cheese Sub,Paneer: ₹169 | Chicken: ₹189,standard,No,1787655133416
Subs,Fiery Sub,Paneer: ₹159 | Chicken: ₹169,standard,No,1787655133415
Subs,Frenzy Sub,Paneer: ₹179 | Chicken: ₹199,standard,No,1787655133421
Subs,Mexican Sub,Paneer: ₹169 | Chicken: ₹189,standard,No,1787655133420
Subs,Peri Peri Sub,Paneer: ₹169 | Chicken: ₹189,standard,No,1787655133419
Subs,Schezwan Sub,Paneer: ₹159 | Chicken: ₹169,standard,No,1787655133414
Subs,Tandoori Sub,Paneer: ₹169 | Chicken: ₹189,standard,No,1787655133418
Uncategorized,Aloo Bhujia,₹30,veg,Yes,1786791692012
Uncategorized,Alpenliebe Candy,₹10,veg,Yes,1786744074476
Uncategorized,Amul Dark Chocolate,₹40,veg,Yes,1786744074480
Uncategorized,Amul Masti Spiced Buttermilk 200ml (200mL),₹0,veg,Yes,1787001928458
Uncategorized,Cadbury Dairy Milk Silk,₹80,veg,Yes,1786744074481
Uncategorized,Thums up (250 ml),₹0,veg,Yes,1787001928452
Veg Specials,"4 Person Combo (11 Chapati, 2 Dal Tadka, 2 Basmati Jeera Rice, 1 Mix Veg, 1 Paneer Masala, 4 Pcs Sweet Salad Achaar)",₹440,veg,No,1787655133491
Veg Specials,Dal Rice Combo (Salad & Achaar),₹140,veg,No,1787655133495
Veg Specials,Dal Tadaka,₹100,veg,No,1787655133487
Veg Specials,Jeera Rice (Basmati),₹90,veg,No,1787655133486
Veg Specials,Kaju Curry,₹150,veg,No,1787655133496
Veg Specials,Mix Veg,₹100,veg,No,1787655133494
Veg Specials,Only Chapati (Per Pcs),₹15,veg,No,1787655133502
Veg Specials,Paneer Burji,₹110,veg,No,1787655133509
Veg Specials,Paneer Cheese Pizza,₹230,veg,No,1787655133499
Veg Specials,Paneer Chilli (14 Paneer Chilli Pcs),₹200,veg,No,1787655133493
Veg Specials,Paneer Masala,₹130,veg,No,1787655133488
Veg Specials,Pav Bhaji,₹90,veg,No,1787655133504
Veg Specials,Samosa Aalu (2 Pcs),₹50,veg,No,1787655133503
Veg Specials,Veg Burger,₹100,veg,No,1787655133500
Veg Specials,Veg Cheese Burger,₹120,veg,No,1787655133501
Veg Specials,Veg Cheese Pizza,₹200,veg,No,1787655133498
Veg Specials,Veg Dum Biryani (Raiyata),₹140,veg,No,1787655133490
Veg Specials,Veg Fried Rice,₹130,veg,No,1787655133484
Veg Specials,Veg Fried Rice Combo (4 Pcs Manchurian),₹160,veg,No,1787655133489
Veg Specials,"Veg Maharaja Thali (Mix Veg, Dal Tadka, Jeera Rice, 3 Chapati, Sweet Salad, Papad, Paneer Masala)",₹180,veg,No,1787655133483
Veg Specials,Veg Manchurian (14 Manchurian Pcs),₹160,veg,No,1787655133492
Veg Specials,Veg Manchurian Rice,₹150,veg,No,1787655133485
Veg Specials,Veg Mix Veg Roti Combo,₹130,veg,No,1787655133506
Veg Specials,Veg Paneer Rice Combo,₹150,veg,No,1787655133505
Veg Specials,Veg Pizza,₹160,veg,No,1787655133497
Veg Specials,Veg Rice Noodles Combination,₹160,veg,No,1787655133507
Veg Specials,Veg Singapuri Rice,₹160,veg,No,1787655133508
Veg Specials,"Veg Special Thali (Mix Veg, Dal Tadka, Jeera Rice, 3 Chapati, Sweet Salad Achar)",₹160,veg,No,1787655133482